speciality,skills,job_count,pay_range,competition,payment_status,duration,client_spent
Data Analytics,"['SQL', 'Python', 'R', 'Visual Basic for Applications', 'Analytical Presentation', 'Dashboard', 'Data Analysis', 'Data Analysis Consultation', 'Exploratory Data Analysis', 'Predictive Model', 'Query Development', 'Report', 'Time Series Analysis', 'Customer Service Analytics', 'Growth Analytics', 'Marketing Analytics', 'Operations Analytics', 'Product Analytics', 'Sales Analytics', 'Data Visualization', 'A/B Testing', 'Big Data', 'Business Intelligence', 'Data Analytics', 'Data Science', 'Data Transformation', 'Funnel Testing', 'Hypothesis Testing', 'Statistics', 'Google Analytics', 'BigQuery', 'BIRT', 'Domo', 'Google Sheets', 'Google Tag Manager', 'Looker', 'Looker Studio', 'Microsoft Excel', 'Microsoft Power BI', 'Oracle Analytics Cloud', 'Power Query', 'Qlik Sense', 'QlikView', 'SAP Crystal Reports', 'Snowflake', 'Tableau', 'Zoho Analytics']",1123,"([0.0], [120.0, 65.0, 0.0, 40.0])",11512,1.0,19,123452252.08
Data Visualization,"['ArcGIS', 'BIRT', 'D3.js', 'Domo', 'Google Sheets', 'Grafana', 'Kibana', 'Looker', 'Looker Studio', 'Matplotlib', 'Microsoft Excel', 'Microsoft Power BI', 'Microsoft Power BI Data Visualization', 'Power Query', 'QGIS', 'Qlik Sense', 'QlikView', 'SAP Crystal Reports', 'Tableau', 'Talend Open Studio', 'Zoho Analytics', 'Java', 'JavaScript', 'SQL', 'Python', 'R', 'Data Visualization', 'API Integration', 'Business Intelligence', 'Dashboard', 'Digital Mapping', 'Presentations']",1355,"([0.0], [125.0, 0.0])",14385,1.0,16,118477485.98999998
Experimentation & Testing,"['Google Analytics', 'Adobe Target', 'Google Tag Manager', 'Leadpages', 'Mixpanel', 'Unbounce', 'Conversion Rate Optimization', 'A/B Testing', 'Funnel Testing', 'Hypothesis Testing', 'Multivariate Testing', 'Test Case Design']",334,"([0.0], [84.0])",3355,1.0,22,30759404.32
Data Extraction,"['Beautiful Soup', 'Scrapy', 'Selenium', 'Selenium WebDriver', 'pandas', 'Google Apps Script', 'Informatica', 'Power Query', 'Puppeteer', 'Talend Open Studio', 'Web Scraping Framework', 'Web Scraping Plugin', 'API Integration', 'Data Extraction', 'Data Integration', 'Data Scraping', 'ETL', 'ETL Pipeline', 'Web Crawling', 'Web Scraping', 'JavaScript', 'PHP', 'SQL', 'Python', 'C#', 'R']",1393,"([0.0], [75.0, 15.0, 35.0, 0.0, 0.0, 0.0, 35.0, 10.0, 70.0])",14775,1.0,15,83276098.74999997
Data Processing,"['Apache Spark', 'Apache Airflow', 'Apache Kafka', 'Databricks Platform', 'Google Sheets', 'Microsoft Excel', 'SQL', 'Python', 'R', 'Visual Basic for Applications', 'Data Annotation', 'Data Cleaning', 'Data Entry', 'Data Labeling', 'Data Processing', 'Data Segmentation']",835,"([0.0], [75.0, 15.0, 35.0, 0.0, 0.0, 0.0, 35.0, 10.0, 70.0])",8233,1.0,18,105057277.83000001
Data Engineering,"['Apache Spark', 'Apache Airflow', 'Apache Kafka', 'AWS Glue', 'BigQuery', 'Databricks Platform', 'dbt', 'Docker', 'Elasticsearch', 'Informatica', 'Kubernetes', 'Microsoft Excel', 'PySpark', 'Snowflake', 'Talend Open Studio', 'Java', 'SQL', 'Python', 'R', 'Database Architecture', 'Database Design', 'Data Engineering', 'Data Integration', 'Data Migration', 'Data Preprocessing', 'Data Transformation', 'ETL Pipeline']",711,"([0.0], [75.0, 15.0, 35.0, 0.0, 0.0, 0.0, 35.0, 10.0, 70.0])",7379,1.0,16,86106069.13
Data Mining,"['SQL', 'Python', 'R', 'Data Entry', 'Data Mining', 'Data Scraping', 'Lead Generation', 'List Building', 'Online Research', 'Beautiful Soup', 'Scrapy', 'Selenium', 'pandas', 'Microsoft Excel', 'Microsoft Power BI', 'NumPy', 'Python Scikit-Learn', 'Tableau']",2233,"([0.0], [75.0, 15.0, 35.0, 0.0, 0.0, 0.0, 35.0, 10.0, 70.0])",20041,1.0,20,223238177.91
Generative AI Modeling,"['Chatbot Development', 'AI Mobile App Development', 'AI Model Development', 'AI Model Integration', 'AI Model Training', 'ChatGPT API Integration', 'Generative AI', 'Generative AI Prompt Engineering', 'Hyperparameter Tuning', 'LLM Prompt Engineering', 'Model Deployment', 'Model Monitoring', 'Model Tuning', 'Object Detection', 'Prompt Engineering', 'AI Audio Generation', 'AI Chatbot', 'AI Content Creation', 'AI Content Editing', 'AI Content Writing', 'AI Video Generation', 'AI-Generated Code', 'Data Augmentation', 'Image Analysis', 'Image Processing', 'Image Recognition', 'Natural Language Generation', 'Natural Language Processing', 'Object Detection', 'Adobe Photoshop', 'Wix', 'React', 'PyTorch', 'TensorFlow', 'Agent GPT', 'Amazon SageMaker', 'Auto-GPT', 'Azure OpenAI Service', 'ElevenLabs', 'Framer', 'Gemini for Google Workspace', 'Hugging Face', 'Keras', 'LangChain', 'Microsoft 365 Copilot', 'Midjourney AI', 'OpenAI Embeddings', 'Rasa', 'Replit', 'Streamlit', 'ChatGPT', 'Claude', 'Claude 3.5 Sonnet', 'DALL-E', 'Gemini', 'GPT-4', 'LLaMA', 'Llama 3', 'Whisper AI', 'Java', 'Swift', 'JavaScript', 'Python', 'C++', 'Golang', 'Julia', 'MATLAB', 'R', 'Rust', 'Large Language Model', 'Multimodal Large Language Model', 'Transformer Model']",1348,"([0.0], [150.0])",14435,1.0,16,102142967.20999998
AI Data Annotation & Labeling,"['Data Annotation', 'Data Labeling', 'Data Segmentation', 'Video Annotation', 'OpenCV']",10,"([0.0], [55.0])",111,1.0,7,2073779.3699999999
Deep Learning,"['AI Development', 'AI Model Development', 'AI Model Training', 'Chatbot', 'Data Science Consultation', 'Deep Learning', 'Deep Learning Modeling', 'Hyperparameter Tuning', 'Model Deployment', 'Model Monitoring', 'Model Tuning', 'PyTorch', 'TensorFlow', 'Amazon SageMaker', 'deeplearn.js', 'Flask', 'Keras', 'MATLAB', 'Matplotlib', 'OpenCV', 'Salesforce Einstein', 'Vertex AI', 'Java', 'Python', 'C++', 'R', 'Artificial Neural Network', 'Computer Vision', 'Image Processing', 'Long Short-Term Memory Network', 'Natural Language Generation', 'Natural Language Processing', 'Neural Network', 'Reinforcement Learning', 'Unsupervised Learning']",553,"([0.0], [150.0])",5998,1.0,14,53520136.72999999
Knowledge Representation,"['Neo4j', 'Java', 'Python', 'Graph Database', 'Natural Language Processing']",419,"([0.0, 15.0, 0.0, 20.0, 0.0, 0.0, 5.0, 0.0, 10.0, 15.0, 0.0, 20.0, 5.0, 5.0, 0.0, 0.0, 0.0, 5.0, 10.0, 0.0, 10.0, 35.0, 25.0, 30.0, 0.0, 0.0, 0.0, 15.0, 10.0, 10.0, 0.0, 5.0, 0.0, 50.0, 25.0, 0.0, 10.0, 20.0, 30.0, 0.0, 10.0, 50.0, 0.0, 25.0, 5.0, 25.0, 30.0, 30.0, 7.0, 0.0, 0.0, 0.0, 0.0, 15.0, 0.0, 0.0, 10.0, 15.0, 20.0, 30.0, 14.0, 0.0, 6.0, 30.0, 15.0, 20.0, 0.0, 10.0, 0.0, 0.0, 25.0, 15.0, 0.0, 20.0, 15.0, 0.0, 15.0, 15.0, 0.0, 0.0, 30.0, 0.0, 0.0, 10.0, 0.0, 0.0, 0.0, 0.0, 0.0, 0.0, 15.0, 3.0, 0.0, 0.0, 15.0, 0.0, 40.0, 20.0, 10.0, 20.0, 15.0, 10.0, 0.0, 50.0, 0.0, 15.0, 15.0, 0.0, 8.0, 15.0, 0.0, 0.0, 25.0, 15.0, 3.0, 10.0, 20.0, 5.0, 0.0, 20.0, 15.0, 35.0, 30.0, 0.0, 0.0, 25.0, 30.0, 0.0, 40.0, 70.0, 0.0, 30.0, 0.0, 0.0, 30.0, 12.0, 0.0, 0.0, 5.0, 20.0, 0.0, 15.0, 0.0, 15.0, 15.0, 20.0, 10.0, 5.0, 5.0, 15.0, 10.0, 12.0, 0.0, 18.0, 15.0, 0.0, 25.0, 0.0, 10.0, 15.0, 15.0, 0.0, 0.0, 20.0, 25.0, 15.0, 15.0, 15.0, 30.0, 0.0, 0.0, 5.0, 0.0, 15.0, 0.0, 22.0, 18.0, 0.0, 25.0, 25.0, 15.0, 0.0, 0.0, 0.0, 0.0, 21.0, 60.0, 0.0, 20.0, 15.0, 5.0, 20.0, 0.0, 4.0, 0.0, 0.0, 27.0, 3.0, 30.0, 20.0, 0.0, 0.0, 3.0, 0.0, 0.0, 15.0, 0.0, 10.0, 15.0, 15.0, 0.0, 0.0, 0.0, 0.0, 22.0, 8.0, 25.0, 8.0, 30.0, 20.0, 40.0, 10.0, 8.0, 15.0, 20.0, 20.0, 25.0, 10.0, 0.0, 5.0, 15.0, 15.0, 0.0, 0.0, 15.0, 40.0, 0.0, 9.0, 0.0, 20.0, 0.0, 10.0, 15.0, 0.0, 0.0, 15.0, 0.0, 17.0, 5.0, 0.0, 30.0, 40.0, 0.0, 0.0, 25.0, 0.0, 20.0, 15.0, 25.0, 0.0, 12.0, 15.0, 30.0, 5.0, 8.0, 0.0, 0.0, 0.0, 0.0, 0.0, 0.0, 0.0, 20.0, 0.0, 20.0, 15.0, 0.0, 0.0, 50.0, 10.0, 0.0, 0.0, 0.0, 15.0, 0.0, 0.0, 0.0, 0.0, 30.0, 0.0, 20.0, 100.0, 22.0, 19.0, 0.0, 15.0, 15.0, 0.0, 0.0, 7.0, 0.0, 0.0, 15.0, 0.0, 5.0, 5.0, 15.0, 30.0, 0.0, 0.0, 25.0, 30.0], [45.0, 25.0])",4504,1.0,14,35285365.84999999
Machine Learning,"['Bayesian Statistics', 'Hyperparameter Tuning', 'K-Means Clustering', 'OpenAI Embeddings', 'Support Vector Machine', 'Transformer Model', 'Vector Embedding', 'Computer Vision', 'Deep Learning', 'Feature Extraction', 'Image Processing', 'Image Recognition', 'Natural Language Generation', 'Natural Language Processing', 'Reinforcement Learning', 'Unsupervised Learning', 'Scrapy', 'Apache Spark', 'pandas', 'PyTorch', 'TensorFlow', 'AI Builder', 'Amazon SageMaker', 'ArcGIS', 'Databricks Platform', 'deeplearn.js', 'Flask', 'Keras', 'Looker Studio', 'MATLAB', 'Matplotlib', 'NumPy', 'OpenCV', 'Python Scikit-Learn', 'Streamlit', 'Tableau', 'Vertex AI', 'XGBoost', 'AI Agent Development', 'AI App Development', 'AI Bot', 'AI Development', 'AI Model Development', 'AI Model Integration', 'AI Model Training', 'AI Product Management', 'AI Trading', 'AIOps', 'Chatbot', 'Data Augmentation', 'Data Preprocessing', 'Data Science', 'Data Science Consultation', 'Image Analysis', 'Machine Learning', 'Machine Learning Algorithm', 'Machine Learning Model', 'ML Automation', 'MLOps', 'Model Deployment', 'Model Monitoring', 'Model Tuning', 'Object Detection', 'Predictive Model', 'Time Series Analysis', 'Time Series Forecasting', 'Java', 'SQL', 'Python', 'C++', 'R']",897,"([0.0], [150.0])",9716,1.0,15,75565022.26999998
Database Administration,"['Database Design', 'Data Migration', 'Database Administration', 'Database Optimization', 'SQLite', 'Realm Database', 'LevelDB', 'MongoDB', 'Microsoft SQL Server', 'MariaDB', 'MySQL', 'PostgreSQL', 'Oracle Database', 'Neo4j', 'Claris FileMaker', 'Firebase Cloud Firestore', 'Firebase Realtime Database', 'Microsoft Access', 'Redis', 'SAP HANA', 'Business with 1-9 Employees', 'Business with 10-99 Employees', 'Business with 100-999 Employees', 'Business with 1000+ Employees', 'SQL', 'ETL', 'Microsoft Windows PowerShell', 'SQL Server Integration Services', 'Transact-SQL']",348,"([0.0], [90.0, 25.0, 60.0, 15.0, 7.0, 75.0, 0.0, 25.0])",3271,1.0,23,29019332.41
Business Applications Development,"['Business Applications Consultation', 'Business Applications Development', 'Software Integration', 'Business with 1-9 Employees', 'Business with 10-99 Employees', 'Business with 100-999 Employees', 'Business with 1000+ Employees', 'Java', 'JavaScript', '.NET Framework', 'jQuery', 'PHP', 'SQL', 'Python', 'C#', 'CSS', 'HTML5', 'Education', 'Sports & Recreation', 'Fashion & Beauty', 'Finance & Accounting', 'Food & Beverage', 'Media & Entertainment', 'Real Estate', 'Tech & IT', 'Aerospace', 'Automotive', 'Energy & Utilities', 'Engineering & Architecture', 'Health & Wellness', 'HR & Business Services', 'Legal', 'Manufacturing & Construction', 'Religious, Charitable & Nonprofit', 'Retail & Consumer Goods', 'Sales & Marketing', 'Science & Medicine', 'Transportation & Warehousing', 'Pardot', 'Salesforce Marketing Cloud', 'Salesforce Einstein', 'Salesforce Sales Cloud', 'Automated Workflow', 'CRM Development', 'Custom App', 'Customer Portal', 'Dashboard', 'Demand Planning', 'HubSpot', 'Marketo', 'Pardot', 'Salesforce CRM', 'CRM Software', 'ERP Software', 'Marketing Automation Software', 'Microsoft Dynamics 365', 'Microsoft SharePoint', 'Office 365', 'Oracle NetSuite', 'SAP ERP', 'ServiceNow', 'Zoho Platform']",2379,"([0.0], [90.0, 25.0, 60.0, 15.0, 7.0, 75.0, 0.0, 25.0])",22611,1.0,20,206598435.32999998
Systems Engineering,"['Business with 1-9 Employees', 'Business with 10-99 Employees', 'Business with 100-999 Employees', 'Business with 1000+ Employees', 'Education', 'Sports & Recreation', 'Fashion & Beauty', 'Finance & Accounting', 'Food & Beverage', 'Media & Entertainment', 'Real Estate', 'Tech & IT', 'Travel & Hospitality', 'Aerospace', 'Automotive', 'Energy & Utilities', 'Engineering & Architecture', 'Health & Wellness', 'Legal', 'Manufacturing & Construction', 'Religious, Charitable & Nonprofit', 'Retail & Consumer Goods', 'Science & Medicine', 'Transportation & Warehousing', 'Java', 'Apache HTTP Server', 'Amazon Web Services', 'Python', 'NGINX', 'Ansible', 'Docker', 'Google Cloud Platform', 'Kubernetes', 'Microsoft Active Directory', 'Microsoft Azure', 'Microsoft Exchange Server', 'Microsoft Windows PowerShell', 'Office 365', 'Terraform', 'Computer Systems Engineering', 'Information Systems Engineering', 'Systems Engineering', 'Microsoft Windows', 'Linux', 'macOS', 'Ubuntu', 'Windows Server']",1319,"([0.0, 0.0, 0.0, 0.0, 5.0, 10.0, 20.0, 25.0, 12.0, 35.0, 10.0, 0.0, 0.0, 15.0, 0.0, 25.0, 30.0, 0.0, 10.0, 15.0, 13.0, 0.0, 25.0, 30.0, 0.0, 0.0, 0.0, 10.0, 10.0, 25.0, 15.0, 30.0, 30.0, 5.0, 15.0, 10.0, 20.0, 0.0, 15.0, 15.0, 15.0, 15.0, 0.0, 10.0, 31.0, 25.0, 60.0, 15.0, 0.0, 15.0, 0.0, 0.0, 15.0, 0.0, 35.0, 40.0, 10.0, 10.0, 9.0, 0.0, 0.0, 3.0, 0.0, 0.0, 0.0, 25.0, 5.0, 0.0], [125.0, 200.0])",12115,1.0,22,147677525.32999998
IT Compliance,"['Federal Information Security Management Act of 2002', 'FedRAMP', 'HIPAA', 'ISO 27001', 'SOC 2 Report', 'SaaS', 'Computer Network', 'Compliance Consultation', 'IT Compliance Audit', 'Risk Assessment']",43,"([5.0, 15.0, 20.0, 0.0], [90.0, 65.0, 70.0, 80.0])",482,1.0,28,6376923.53
Information Security,"['Business with 1-9 Employees', 'Business with 10-99 Employees', 'Business with 100-999 Employees', 'Business with 1000+ Employees', 'Cybersecurity Management', 'Incident Response Plan', 'Information Security', 'Information Security Consultation', 'Penetration Testing', 'Security Assessment & Testing', 'Security Policies & Procedures Documentation', 'Security Testing', 'Vulnerability Assessment', 'Kali Linux', 'Nessus', 'AI Security', 'Application Security', 'Database Security', 'Encryption', 'Firewall', 'Network Security', 'System Security', 'VPN']",241,"([0.0, 20.0], [100.0])",2093,1.0,25,23098930.96
Network Security,"['Encryption', 'Firewall', 'Internet Protocol Security', 'Intrusion Detection System', 'Intrusion Prevention System', 'Network Security', 'System Hardening', 'VPN', 'Web Proxy']",63,"([0.0], [100.0])",544,1.0,17,1734900.4200000002
Network Administration,"['Network Administration', 'Network Design', 'Network Engineering', 'Network Monitoring', 'Network Security', 'Business with 1-9 Employees', 'Business with 10-99 Employees', 'Business with 100-999 Employees', 'Business with 1000+ Employees', 'Network Equipment', 'Virtual LAN', 'VoIP', 'VPN', 'Microsoft Windows', 'Linux', 'macOS', 'Ubuntu', 'Cisco Meraki', 'Cisco Prime', 'Cisco WLC', 'Fortinet', 'MikroTik', 'Ubiquiti', 'VMWare', 'Zabbix']",267,"([0.0], [150.0, 250.0])",2211,1.0,23,26827132.98
Systems Administration,"['Business with 1-9 Employees', 'Business with 10-99 Employees', 'Business with 100-999 Employees', 'Business with 1000+ Employees', 'Security Management', 'System Administration', 'System Monitoring', 'Amazon Web Services', 'Google Cloud Platform', 'Microsoft Azure', 'Microsoft Exchange Server', 'Office 365', 'Salesforce', 'Apache HTTP Server', 'Python', 'NGINX', 'DNS', 'Microsoft Active Directory', 'Microsoft Windows PowerShell', 'Server Virtualization', 'Microsoft Windows', 'Linux', 'macOS', 'Ubuntu', 'Windows Server']",705,"([0.0, 0.0, 0.0, 0.0, 5.0, 10.0, 20.0, 25.0, 12.0, 35.0, 10.0, 0.0, 0.0, 15.0, 0.0, 25.0, 30.0, 0.0, 10.0, 15.0, 13.0, 0.0, 25.0, 30.0, 0.0, 0.0, 0.0, 10.0, 10.0, 25.0, 15.0, 30.0, 30.0, 5.0, 15.0, 10.0, 20.0, 0.0, 15.0, 15.0, 15.0, 15.0, 0.0, 10.0, 31.0, 25.0, 60.0, 15.0, 0.0, 15.0, 0.0, 0.0, 15.0, 0.0, 35.0, 40.0, 10.0, 10.0, 9.0, 0.0, 0.0, 3.0, 0.0, 0.0, 0.0, 25.0, 5.0, 0.0], [125.0, 200.0])",7027,1.0,18,80108005.18999998
Cloud Engineering,"['Cloud Architecture', 'Cloud Engineering', 'Cloud Implementation', 'Cloud Management', 'Cloud Testing', 'Business with 1-9 Employees', 'Business with 10-99 Employees', 'Business with 100-999 Employees', 'Business with 1000+ Employees', 'SaaS', 'Salesforce CRM', 'Amazon Web Services', 'Azure DevOps', 'DigitalOcean', 'Google Apps Script', 'Google Cloud Platform', 'Heroku', 'Microsoft Azure', 'Microsoft Dynamics 365', 'Office 365', 'Oracle NetSuite', 'SAP', 'Zoho Platform', 'Education', 'Sports & Recreation', 'Fashion & Beauty', 'Finance & Accounting', 'Food & Beverage', 'Media & Entertainment', 'Real Estate', 'Tech & IT', 'Aerospace', 'Amusement & Gambling', 'Art & Design', 'Automotive', 'Energy & Utilities', 'Engineering & Architecture', 'Manufacturing & Construction', 'Religious, Charitable & Nonprofit', 'Retail & Consumer Goods', 'Sales & Marketing', 'Science & Medicine', 'Transportation & Warehousing', 'Java', '.NET Framework', 'Ruby', 'MongoDB', 'Python', 'MySQL', 'Apache Airflow', 'AWS Amplify', 'AWS Glue', 'Computer Network', 'Linux', 'Ruby on Rails']",1398,"([0.0], [90.0, 25.0, 60.0, 15.0, 7.0, 75.0, 0.0, 25.0])",12667,1.0,23,150783753.74999997
DevOps Engineering,"['Business with 1-9 Employees', 'Business with 10-99 Employees', 'Business with 100-999 Employees', 'Business with 1000+ Employees', 'Git', 'Ansible', 'Apache Airflow', 'AWS Glue', 'Docker', 'Jenkins', 'Kubernetes', 'Terraform', 'Microsoft Windows', 'Linux', 'macOS', 'Ubuntu', 'AIOps', 'Application Release Automation', 'Automated Monitoring', 'CI/CD', 'Deployment Automation', 'DevOps Engineering', 'System Automation', 'Education', 'Sports & Recreation', 'Fashion & Beauty', 'Finance & Accounting', 'Food & Beverage', 'Media & Entertainment', 'Real Estate', 'Tech & IT', 'Aerospace', 'Automotive', 'Energy & Utilities', 'Engineering & Architecture', 'Health & Wellness', 'HR & Business Services', 'Legal', 'Manufacturing & Construction', 'Military & Defense', 'Nonprofit Organization', 'Religious, Charitable & Nonprofit', 'Retail & Consumer Goods', 'Supply Chain & Logistics', 'Transportation & Warehousing', 'Java', 'MongoDB', 'Amazon Web Services', 'Python', 'Node.js', 'Amazon ECS', 'Containerization', 'Google Cloud Platform', 'Microsoft Azure', 'Microsoft Windows PowerShell']",1433,"([0.0], [90.0, 25.0, 60.0, 15.0, 7.0, 75.0, 0.0, 25.0])",13137,1.0,22,149614282.91
Solution Architecture,"['Amazon Web Services', 'Google Cloud Platform', 'Microsoft Azure', 'Microsoft Dynamics 365', 'Microsoft SharePoint', 'Office 365', 'Oracle NetSuite', 'Salesforce', 'SAP', 'Education', 'Sports & Recreation', 'Fashion & Beauty', 'Finance & Accounting', 'Food & Beverage', 'Media & Entertainment', 'Real Estate', 'Tech & IT', 'Aerospace', 'Amusement & Gambling', 'Aviation', 'Energy & Utilities', 'Engineering & Architecture', 'Health & Wellness', 'Legal', 'Manufacturing & Construction', 'Military & Defense', 'Nonprofit Organization', 'Religious, Charitable & Nonprofit', 'Retail & Consumer Goods', 'Science & Medicine', 'Transportation & Warehousing', 'Implementation', 'Solution Architecture Consultation', 'Business with 1-9 Employees', 'Business with 10-99 Employees', 'Business with 100-999 Employees', 'Business with 1000+ Employees', 'Java', 'JavaScript', 'PHP', 'SQL', 'Web Service', 'Python', 'C#', 'Node.js', 'Apex', 'Cloud Computing', 'Elasticsearch', 'RESTful Architecture']",2032,"([0.0], [90.0, 25.0, 60.0, 15.0, 7.0, 75.0, 0.0, 25.0])",19586,1.0,20,177545663.45
Blockchain & NFT Development,"['Java', 'Kotlin', 'JavaScript', 'PHP', 'Ruby', 'TypeScript', 'Python', 'C#', 'C++', 'CSS', 'Node.js', 'Golang', 'Rust', 'Solidity', 'Ethereum', 'Solana', '3D Avatar', 'Blockchain Architecture', 'Blockchain Development', 'Blockchain Security', 'Blockchain Tokenization', 'Crypto Exchange Platform', 'Cryptography', 'Discord Bot Development', 'NFT', 'Smart Contract']",1462,"([0.0], [55.0, 0.0, 120.0, 55.0, 0.0])",15248,1.0,16,91034661.15999998
Crypto Coins & Tokens,"['Bitcoin', 'Ethereum', 'Smart Contract']",13,"([0.0, 0.0, 0.0, 100.0, 75.0, 0.0], [40.0])",142,1.0,13,101238.46
Crypto Wallet Development,"['Java', 'Kotlin', 'JavaScript', 'PHP', 'Ruby', 'TypeScript', 'Python', 'C#', 'C++', 'CSS', 'HTML', 'Golang', 'Lua', 'Rust', 'Solidity', 'Crypto Wallet Development', 'iOS', 'Android', 'Microsoft Windows', 'Linux', 'macOS']",1753,"([0.0], [60.0])",18357,1.0,15,107365813.74999999
AI Chatbot Development,"['Chatbot Training', 'Chatbot Tuning', 'Natural Language Generation', 'Natural Language Processing', 'Java', 'PHP', 'Ruby', 'Python', 'C++', 'PyTorch', 'TensorFlow', 'ChatGPT', 'Dialogflow', 'GPT-4', 'ManyChat', 'Pinecone', 'Rasa', 'Chatbot Development', 'AI Chatbot', 'Chatbot Integration', 'Finance & Banking Chatbot', 'Scheduling & Assisting Chatbot', 'Social Media Chatbot']",724,"([0.0], [85.0, 0.0, 0.0])",7737,1.0,15,58404622.81999999
AI Integration,"['Integration Testing', 'AI Model Integration', 'API Integration', 'API Testing', 'Application Integration', 'Chatbot Integration', 'ChatGPT API Integration', 'Website Integration', 'Node.js', 'RESTful API', 'Amazon Bedrock', 'Azure OpenAI Service', 'ChatGPT API', 'GPT API', 'OpenAI API', 'REST API', 'Whisper API', 'Java', 'JavaScript', 'PHP', 'Ruby', 'Python', 'C#', 'C++', 'XML']",1421,"([0.0, 0.0, 0.0, 18.0, 0.0, 0.0], [100.0, 70.0, 40.0])",14970,1.0,16,92117525.97999997
Desktop Software Development,"['SQLite', 'Realm Database', 'LevelDB', 'MongoDB', 'Microsoft SQL Server', 'MariaDB', 'MySQL', 'PostgreSQL', 'Oracle Database', 'Firebase Cloud Firestore', 'Firebase Realtime Database', 'Microsoft Access', 'Redis', 'Java', 'Objective-C', 'Swift', 'JavaScript', 'Python', 'C#', 'C++', 'C', 'Delphi', 'Visual Basic for Applications', 'Git', 'Apple Xcode', 'Azure DevOps', 'Docker', 'Electron', 'GitLab', 'Jenkins', 'JetBrains IntelliJ IDEA', 'Kubernetes', 'Prototyping', '.NET Framework', 'Desktop Application Testing', 'Qt Framework', 'Database Design', 'Application Integration', 'Application Security', 'Bug Fix', 'Desktop Application', 'Standalone Application', 'Microsoft Windows', 'Linux', 'macOS']",1212,"([0.0], [100.0, 70.0, 40.0])",12650,1.0,16,96069757.57999998
Ecommerce Website Development,"['Wix', 'WordPress', 'ClickFunnels', 'BigCommerce', 'Commerce Cloud', 'Divi', 'Drupal', 'Elementor', 'Magento', 'Shopify', 'Shopify Plus', 'Squarespace', 'Webflow', 'WooCommerce', 'Web Design', 'Landing Page', 'API Integration', 'App Development', 'Bug Fix', 'Custom Ecommerce Platform Development', 'Design Enhancement', 'Ecommerce Backup & Migration', 'Ecommerce Development Consultation', 'Ecommerce Storefront Design', 'Ecommerce Website', 'Page Speed Optimization', 'Payment Gateway Integration', 'Platform Plugin', 'Responsive Design', 'Shopify Development', 'Shopify Templates', 'Theme Customization', 'Theme Development', 'Website Customization', 'Website Migration', 'Website Optimization', 'WordPress Plugin', 'PayPal', 'Stripe', 'Authorize.Net', 'Recharge', 'Square', 'Java', 'JavaScript', 'Angular', 'AngularJS', 'ASP.NET', 'Bootstrap', 'jQuery', 'PHP', 'React', 'Ruby', 'Vue.js', 'Python', 'CSS', 'CSS 3', 'HTML', 'HTML5', 'Node.js', 'Joomla', 'Laravel', 'Liquid', 'Ruby on Rails', 'SQLite', 'Realm Database', 'LevelDB', 'MongoDB', 'Microsoft SQL Server', 'MariaDB', 'MySQL', 'PostgreSQL', 'Oracle Database', 'Neo4j', 'Firebase Cloud Firestore', 'Firebase Realtime Database', 'Microsoft Access', 'Redis']",3304,"([0.0], [100.0])",35267,1.0,17,221979831.54999995
Video Game Development,"['Java', 'Objective-C', 'Swift', 'Kotlin', 'JavaScript', 'PHP', 'Ruby', 'TypeScript', 'Python', 'C#', 'C++', 'CSS 3', 'HTML5', 'C', 'Dart', 'Lua', 'Game Design Document', 'Game Development Bug Fix', 'Game Prototype', 'Game Testing', 'Mobile Game', 'Performance Optimization', 'Video Game', 'Unreal Engine', 'Godot', 'Roblox Studio', 'Unity', 'Hybrid App Development', 'iOS', 'Android', 'Native App Development', 'Microsoft Windows', 'iPadOS', 'Linux', 'macOS', 'Sports & Recreation', 'Puzzle', 'Simulation Game', 'Online Multiplayer', 'Casual Game', 'In-App Purchases', 'User Authentication', 'User Profile Creation', 'Review or Feedback Collection', 'Social Media Account Integration', 'Bluetooth', 'Augmented Reality', 'Camera', 'Chat & Messaging Software', 'In-App Search', 'Location-Based Service', 'Map Integration', 'In-App Advertising', 'API Integration', 'Application Security', 'Click-to-Call', 'QR & Barcode Scanner', 'Ages 3+', 'Smartphone', 'Tablet', 'Virtual Reality', 'Gaming Console', 'Personal Computer']",1795,"([0.0], [100.0])",18770,1.0,15,102313003.80999997
Mobile App Development,"['iOS', 'Android', 'Microsoft Windows', 'iPadOS', 'SQLite', 'Realm Database', 'LevelDB', 'MongoDB', 'Microsoft SQL Server', 'MariaDB', 'MySQL', 'PostgreSQL', 'Oracle Database', 'Neo4j', 'Claris FileMaker', 'Firebase Cloud Firestore', 'Firebase Realtime Database', 'Microsoft Access', 'Redis', 'Java', 'Objective-C', 'Swift', 'Kotlin', 'JavaScript', 'PHP', 'Ruby', 'TypeScript', 'Python', 'C#', 'C++', 'CSS 3', 'HTML5', 'C', 'Elixir', 'Dart', 'GraphQL', 'Laravel', 'Ionic Framework', 'Firebase', 'Google Analytics', 'React Native', 'Angular', 'AngularJS', 'React', 'Amazon Web Services', 'Node.js', 'Spring Framework', 'Apache Spark', 'Kendo UI', 'Apple Xcode', 'Elixir', 'Flutter', 'Android App Development', 'Appium', 'AWS Amplify', 'GitHub', 'GraphQL', 'iOS Development', 'iOS SDK', 'Mapbox', 'Mobile App Development', 'OpenAI API', 'RESTful Architecture', 'Twilio API', 'WebRTC', 'Smartphone', 'Tablet', 'Virtual Reality', 'TV Set', 'Gaming Console', 'Personal Computer', 'Hybrid App Development', 'Native App Development', 'AI Mobile App Development', 'Android App Development', 'iOS Development', 'Mobile App Development', 'Mobile App Development Consultation', 'Mobile App Testing', 'Payment Gateway Integration', 'In-App Purchases', 'User Authentication', 'User Profile Creation', 'Review or Feedback Collection', 'Social Media Account Integration', 'Bluetooth', 'Augmented Reality', 'Camera', 'Chat & Messaging Software', 'In-App Search', 'Location-Based Service', 'Map Integration', 'In-App Advertising', 'API Integration', 'Application Security', 'Click-to-Call', 'QR & Barcode Scanner', 'Core Bluetooth', 'ARKit', 'UIKit']",2671,"([0.0], [150.0, 50.0, 0.0, 0.0, 30.0, 0.0, 15.0, 20.0, 10.0, 50.0, 0.0, 0.0, 0.0, 20.0, 35.0, 0.0, 20.0, 35.0, 0.0])",28190,1.0,16,162794105.42999998
Mobile Game Development,"['iOS', 'Android', 'Microsoft Windows', 'iPadOS', 'Java', 'Objective-C', 'Swift', 'Kotlin', 'JavaScript', 'PHP', 'Ruby', 'TypeScript', 'Python', 'C#', 'C++', 'CSS 3', 'HTML5', 'C', 'Elixir', 'Dart', 'GraphQL', 'Laravel', 'Ionic Framework', 'Firebase', 'Google Analytics', 'React Native', 'Angular', 'AngularJS', 'React', 'Amazon Web Services', 'Node.js', 'Spring Framework', 'Apache Spark', 'Kendo UI', 'Apple Xcode', 'Elixir', 'Flutter', 'Android App Development', 'Appium', 'AWS Amplify', 'GitHub', 'GraphQL', 'iOS Development', 'iOS SDK', 'Mapbox', 'Mobile App Development', 'OpenAI API', 'RESTful Architecture', 'Twilio API', 'WebRTC', 'Smartphone', 'Tablet', 'Virtual Reality', 'TV Set', 'Gaming Console', 'Personal Computer', 'Sports & Recreation', 'Puzzle', 'Simulation Game', 'Online Multiplayer', 'Casual Game', 'In-App Purchases', 'User Authentication', 'User Profile Creation', 'Review or Feedback Collection', 'Social Media Account Integration', 'Bluetooth', 'Augmented Reality', 'Camera', 'Chat & Messaging Software', 'In-App Search', 'Location-Based Service', 'Map Integration', 'In-App Advertising', 'API Integration', 'Application Security', 'Click-to-Call', 'QR & Barcode Scanner', 'Unreal Engine', 'Godot', 'Roblox Studio', 'Unity', 'Hybrid App Development', 'Native App Development', 'Android App Development', 'Game Design Document', 'Game Development Bug Fix', 'Game Prototype', 'iOS Development', 'Mobile Game', 'Performance Optimization', 'Ages 3+', 'Core Bluetooth', 'ARKit', 'UIKit', 'SQLite', 'Realm Database', 'LevelDB', 'MongoDB', 'Microsoft SQL Server', 'MySQL', 'PostgreSQL', 'Firebase Cloud Firestore', 'Firebase Realtime Database']",2645,"([0.0], [150.0, 50.0, 0.0, 0.0, 30.0, 0.0, 15.0, 20.0, 10.0, 50.0, 0.0, 0.0, 0.0, 20.0, 35.0, 0.0, 20.0, 35.0, 0.0])",27778,1.0,16,158935492.70999998
AR/VR Development,"['iOS', 'Android', 'Microsoft Windows', 'iPadOS', 'Autodesk 3ds Max', 'Adobe Photoshop', 'Unreal Engine', 'Blender', 'ARKit', 'RealityKit', 'SketchUp', 'Unity', 'Education', 'Real Estate', 'Architecture & Interior Design', 'Gaming', 'Healthcare', 'Manufacturing', 'Marketing', 'Retail & Consumer Goods', 'Supply Chain & Logistics', 'Training', 'Java', 'Objective-C', 'Swift', 'Kotlin', 'JavaScript', 'PHP', 'Ruby', 'TypeScript', 'Python', 'C#', 'C++', 'CSS 3', 'HTML5', 'C', 'Elixir', 'Dart', 'GraphQL', 'Laravel', 'Ionic Framework', 'Firebase', 'Google Analytics', 'React Native', 'Virtual Reality', 'Angular', 'React', 'Augmented Reality', 'Node.js', 'Flutter', 'Android App Development', 'Game Development', 'iOS Development', 'Metaverse', 'Mobile App Development', 'RESTful Architecture', 'SQLite', 'Realm Database', 'MongoDB', 'Microsoft SQL Server', 'MySQL', 'PostgreSQL', 'Firebase Cloud Firestore', 'Firebase Realtime Database', 'Prototyping', 'Animation', 'Bug Fix', 'Explainer Video', 'Game Design Document', 'Mobile App', 'Mobile Game', 'Visualization', 'VR Application']",2521,"([0.0], [300.0, 50.0])",25840,1.0,17,187639539.88
Database Development,"['JavaScript', 'PHP', 'SQL', 'Python', 'C#', 'Oracle PLSQL', 'R', 'Transact-SQL', 'Visual Basic for Applications', 'SQLite', 'Realm Database', 'MongoDB', 'Microsoft SQL Server', 'MariaDB', 'MySQL', 'PostgreSQL', 'Oracle Database', 'Claris FileMaker', 'Microsoft Access', 'Database Architecture', 'Database Design', 'Database Maintenance', 'Bug Fix', 'Data Migration', 'Database Administration', 'Database Development', 'Database Integration', 'Database Optimization', 'Database Report', 'Database Security', 'ETL', 'Performance Optimization', 'Query Analysis', 'Query Development']",1277,"([0.0, 0.0, 0.0], [80.0, 0.0, 200.0])",13453,1.0,15,96021413.05999997
Emerging Tech,"['Internet of Things', 'DeFi', 'Distributed Ledger Technology', 'FinTech', 'Metaverse', 'Robotic Process Automation', 'Robotics', 'Tokenomics', 'Web3', 'Business Analysis', 'Research & Development']",36,"([0.0], [100.0])",329,1.0,20,16105560.41
Firmware Development,"['JavaScript', 'Python', 'C++', 'C', 'Assembly Language', 'Embedded C', 'Arduino Firmware', 'Embedded Application', 'Firmware', 'Internet of Things Software', 'Raspberry Pi Firmware', 'Bluetooth', 'Computer Vision', 'Embedded Linux', 'Embedded System', 'Energy Optimization', 'Microcontroller Programming', 'WiFi', 'Arduino', 'ESP32', 'FPGA', 'LoRa', 'PLC', 'Raspberry Pi', 'STM32']",845,"([0.0], [200.0])",8773,1.0,14,55746370.049999975
Coding Tutoring,"['Java', 'Swift', 'Kotlin', 'JavaScript', 'PHP', 'Ruby', 'SQL', 'TypeScript', 'Python', 'C#', 'C++', 'CSS', 'HTML', 'Sass', 'C', 'ChatGPT', 'Golang', 'R', 'Rust', 'AI Development', 'Algorithm Development', 'App Development', 'Data Analysis', 'Data Structures', 'Machine Learning', 'Scripting', 'Software Debugging', 'Software Development', 'Web Development']",2303,"([0.0, 0.0, 0.0, 8.0], [75.0, 15.0, 35.0, 0.0, 0.0, 0.0, 35.0, 10.0, 70.0])",24484,1.0,16,142279344.46999997
Product Management,"['Google Analytics', 'Asana', 'GitLab', 'Jira', 'Microsoft Excel', 'Mixpanel', 'Trello', 'Business with 1-9 Employees', 'Business with 10-99 Employees', 'Business with 100-999 Employees', 'Business with 1000+ Employees', 'Demo Presentation', 'Functional Prototype', 'Go-to-Market Strategy', 'Implementation Plan', 'Product Backlog', 'Product Roadmap', 'Requirements Specification', 'Status Reports', 'Wireframing', 'Agile Project Management', 'Design Thinking', 'Kanban Methodology', 'Lean Development', 'Scrum', 'Waterfall', 'Prototyping', 'Usability Testing', 'SQL', 'AI Product Management', 'Data Analysis', 'Market Research', 'Product Design', 'Product Development', 'Product Management', 'Project Management', 'Quality Assurance', 'Software Development', 'Stakeholder Management', 'UX & UI', 'Wireframing']",1074,"([0.0], [100.0, 0.0])",9876,1.0,22,152513646.64000002
Scrum Leadership,"['Asana', 'GitLab', 'Jira', 'Microsoft Excel', 'Microsoft Project', 'Trello', 'Business with 1-9 Employees', 'Business with 10-99 Employees', 'Business with 100-999 Employees', 'Business with 1000+ Employees', 'Agile Project Management', 'Business Analysis', 'Coaching', 'Project Management', 'Quality Assurance', 'Scrum']",348,"([0.0, 0.0], [200.0, 35.0])",2946,1.0,24,70778945.67
Automation Testing,"['SQLite', 'Realm Database', 'LevelDB', 'MongoDB', 'Microsoft SQL Server', 'MariaDB', 'MySQL', 'PostgreSQL', 'Oracle Database', 'Firebase Cloud Firestore', 'Microsoft Access', 'Redis', 'API Testing', 'Database Testing', 'Desktop Application Testing', 'Game Testing', 'Mobile App Testing', 'Web Testing', 'Katalon Studio', 'Selenium', 'Selenium WebDriver', 'Ansible', 'Appium', 'BrowserStack', 'Cypress', 'Jenkins', 'Postman', 'Zephyr', 'Automated Testing', 'Bug Tracking & Reports', 'Quality Control', 'Software QA', 'Software Testing', 'Test Automation Framework', 'Test Design', 'Test Execution', 'Test Management', 'Test Plan', 'End-to-End Testing', 'Integration Testing', 'Regression Testing', 'Functional Testing', 'Sanity Testing', 'Security Testing', 'Java', 'Kotlin', 'JavaScript', 'PHP', 'Ruby', 'SQL', 'TypeScript', 'Python', 'C#', 'C++', 'CSS', 'CSS 3', 'HTML', 'HTML5', 'Dart', 'Golang', 'GraphQL', 'Transact-SQL', 'Asana', 'Docker', 'GitLab', 'Jira', 'Kubernetes', 'Microsoft Excel', 'Trello']",2039,"([0.0], [100.0, 0.0])",21183,1.0,17,178969192.66
Manual Testing,"['Bug Tracking & Reports', 'Test Case Design', 'Test Design', 'Test Execution', 'Test Management', 'Test Plan', 'API Testing', 'Database Testing', 'Desktop Application Testing', 'Game Testing', 'Mobile App Testing', 'Web Testing', 'Usability Testing', 'End-to-End Testing', 'Integration Testing', 'Regression Testing', 'Functional Testing', 'Manual Testing', 'Sanity Testing', 'Appium', 'BrowserStack', 'Postman', 'Zephyr', 'Asana', 'Docker', 'GitLab', 'Jira', 'Kubernetes', 'Microsoft Excel', 'Trello']",265,"([0.0], [100.0, 0.0])",2620,1.0,23,77606494.18
Scripting & Automation,"['JavaScript', 'PHP', 'Ruby', 'TypeScript', 'Python', 'Lua', 'Microsoft Windows PowerShell', 'Pine Script', 'R', 'Visual Basic for Applications', 'Beautiful Soup', 'jQuery', 'Scrapy', 'Node.js', 'Selenium', 'AI Builder', 'Make.com', 'n8n', 'NinjaTrader', 'Salesforce CRM', 'Google Apps Script', 'Google Docs', 'Google Sheets', 'Google Workspace', 'MetaTrader 4', 'MetaTrader 5', 'Microsoft Excel', 'Microsoft Power Automate', 'NinjaTrader', 'Oracle NetSuite', 'TradingView', 'UiPath', 'Zapier', 'AI Trading', 'API Integration', 'Automation', 'Business Process Automation', 'Dashboard', 'Data Extraction', 'Data Mining', 'Data Scraping', 'Forex Trading', 'Google Sheets Automation', 'Robotic Process Automation', 'Scripting', 'Spreadsheet Automation', 'Task Automation', 'Trading Automation', 'Web Application Development', 'Web Crawling']",2102,"([0.0], [100.0, 0.0, 0.0])",22091,1.0,16,188488925.54999998
Mobile Design,"['Adobe Illustrator', 'Adobe XD', 'Adobe Photoshop', 'Figma', 'Sketch', 'Canva', 'Fluid UI', 'Framer', 'Miro', 'Webflow', 'Zeplin', 'Mobile App Design', 'Usability Testing', 'Heuristic Evaluation', 'Information Architecture', 'Journey Mapping', 'Interaction Design', 'Competitive Analysis', 'App Development', 'Mobile UI Design', 'Responsive Design', 'Search Engine Optimization', 'UI/UX Prototyping', 'User Experience Strategy', 'UX Research', 'Visual Communication', 'Wireframing', 'iOS', 'Android', 'Microsoft Windows', 'iPadOS', 'Mockup', 'Style Guide', 'User Flow', 'Landing Page', 'Website Redesign', 'Email Design', 'High Fidelity Design', 'Hybrid App', 'Icon Design', 'Mobile App', 'Web Component Design']",1148,"([0.0], [80.0])",12059,1.0,19,85302029.22
Prototyping,"['Design Mockup', 'Functional Prototype', 'Game Prototype', 'High Fidelity Design', 'Interactive Mockup', 'Adobe Illustrator', 'Adobe XD', 'Adobe Photoshop', 'Figma', 'Sketch', 'Blender', 'Autodesk AutoCAD', 'Autodesk Fusion 360', 'SolidWorks', 'Zeplin', 'Prototyping', 'Interaction Design', '3D Modeling', '3D Printing', 'CAD', 'Hardware Prototyping', 'Product Development', 'Rapid Prototyping', 'Responsive Design', 'UI/UX Prototyping', 'User Experience Design', 'User-Centered Design', 'Mobile App Design', 'Software Design', 'Game Design', 'Web Design', 'Adaptive Web Design', 'Button Design', 'Electronic Design', 'Injection Mold Design', 'Mechanical Design', 'Mobile UI Design', 'Product Design', 'User Interface Design', 'Web Component Design']",1163,"([0.0], [80.0, 60.0, 0.0])",12285,1.0,16,91844459.74999999
UX/UI Design,"['Prototyping', 'Usability Testing', 'Heuristic Evaluation', 'Information Architecture', 'Journey Mapping', 'Agile Project Management', 'Competitive Analysis', 'Design Mockup', 'UI/UX Prototyping', 'User Experience Strategy', 'UX Research', 'Visual Communication', 'Wireframing', 'Adobe Illustrator', 'Adobe XD', 'Adobe Photoshop', 'Figma', 'Sketch', 'Canva', 'Fluid UI', 'Framer', 'Miro', 'Webflow', 'Zeplin', 'Mobile App Design', 'Software Design', 'Web Design', 'Interaction Design', 'Adaptive Web Design', 'Button Design', 'Custom Web Design', 'Email Design', 'Game UI/UX Design', 'GUI Design', 'High Fidelity Design', 'Human-Centered Design', 'Icon Design', 'Mobile UI Design', 'Responsive Design', 'User Experience Design', 'User Interface Design', 'User-Centered Design', 'Web Component Design', 'Mockup', 'Website Asset', 'Style Guide', 'User Flow', 'Landing Page', 'Website Redesign', 'Cross Browser & Device Compatibility', 'Design & Usability Research', 'Design Enhancement', 'Home Page', 'Interactive Mockup', 'Mobile App', 'UI Animation', 'UX & UI']",1222,"([0.0], [80.0])",13198,1.0,19,124156828.21
Web Design,"['Wix', 'WordPress', 'Contao', 'Craft CMS', 'Drupal', 'GoDaddy', 'Joomla', 'Kajabi', 'Magento', 'Microsoft SharePoint', 'Moodle', 'Sharetribe', 'Shopify', 'Squarespace', 'Unbounce', 'Webflow', 'WeWeb', 'Adobe Illustrator', 'Adobe XD', 'Adobe Photoshop', 'Figma', 'Sketch', 'Canva', 'Fluid UI', 'Framer', 'Miro', 'Webflow', 'Zeplin', 'Mockup', 'Style Guide', 'User Flow', 'Landing Page', 'Website', 'Website Redesign', 'Avada Theme Customization', 'Custom Web Design', 'High Fidelity Design', 'Icon Design', 'Sales Funnel', 'Theme Customization', 'User Interface Design', 'Web & Mobile Design Consultation', 'Web Component Design', 'Website Customization', 'WordPress Landing Page', 'Advanced Custom Fields Plugin', 'All in One SEO', 'AWeber', 'Contact Form 7', 'Divi', 'Elementor', 'Facebook Plugin', 'Google AdSense Plugin', 'Gravity Forms', 'Instagram Plugin', 'LearnDash', 'Mailchimp Plugin', 'PayPal Plugin', 'Thrive Themes', 'Twitter/X Plugin', 'Vimeo Plugin', 'WooCommerce', 'Yoast SEO', 'JavaScript', 'PHP', 'CSS', 'CSS 3', 'HTML', 'HTML5', 'Sass', 'Prototyping', 'Usability Testing', 'Heuristic Evaluation', 'Information Architecture', 'Journey Mapping', 'Web Design', 'Interaction Design', 'Competitive Analysis', 'Adaptive Web Design', 'Landing Page Optimization', 'Responsive Design', 'Search Engine Optimization', 'UI/UX Prototyping', 'User Experience', 'User Experience Design', 'User Experience Strategy', 'User Interface Design', 'UX & UI', 'Visual Communication', 'Web Development', 'Website Customization', 'Wireframing']",3765,"([0.0], [80.0])",40110,1.0,18,264657844.12999997
Back-End Development,"['Java', 'Kotlin', 'PHP', 'Ruby', 'SQL', 'TypeScript', 'Python', 'C#', 'C++', 'Elixir', 'Dart', 'Delphi', 'Erlang', 'Golang', 'GraphQL', 'Rust', 'Transact-SQL', 'SQLite', 'Realm Database', 'LevelDB', 'MongoDB', 'Microsoft SQL Server', 'MariaDB', 'MySQL', 'PostgreSQL', 'Oracle Database', 'Neo4j', 'Firebase Cloud Firestore', 'Firebase Realtime Database', 'Microsoft Access', 'Redis', 'API', 'Database', 'Database Architecture', 'Database Design', 'Database Maintenance', 'Software Architecture & Design', 'Web Service', 'RESTful API', 'API Development', 'API Integration', 'Back-End Development', 'PHP Script', 'Python Script', 'Requirements Specification', 'REST API', 'Google Analytics', '.NET Framework', 'ASP.NET', 'ASP.NET MVC', 'Git', 'HTTP', 'Scrapy', 'Amazon Web Services', 'Django', 'SaaS', 'Spring Framework', 'Apache Spark', 'pandas', 'PyTorch', 'TensorFlow', 'Ansible', 'Apache Airflow', 'Apache Kafka', 'Apache Maven', 'ASP.NET Core', 'AWS Amplify', 'AWS Lambda', 'Azure DevOps', 'CodeIgniter', 'Docker', 'Drupal', 'Elasticsearch', 'Flask', 'GitHub', 'GitLab', 'Jenkins', 'Joomla', 'Keras', 'Kubernetes', 'Laravel', 'Microservice', 'NumPy', 'OpenAI API', 'OpenCV', 'Python Scikit-Learn', 'RESTful Architecture', 'Ruby on Rails', 'Spring Boot', 'Twig', 'Twilio API', 'XML', 'Apache HTTP Server', 'NGINX', 'Apache Geronimo', 'lighttpd', 'Cloudflare', 'Odoo']",1935,"([0.0], [150.0])",20520,1.0,18,160637096.01999998
CMS Development,"['Java', 'Kotlin', 'JavaScript', 'PHP', 'Ruby', 'SQL', 'TypeScript', 'Python', 'C#', 'C++', 'CSS', 'CSS 3', 'HTML', 'HTML5', 'Sass', 'Elixir', 'Dart', 'Delphi', 'Erlang', 'Golang', 'GraphQL', 'Rust', 'Transact-SQL', 'Wix', 'WordPress', 'Contao', 'Craft CMS', 'Drupal', 'GoDaddy', 'Joomla', 'Kajabi', 'Magento', 'Microsoft SharePoint', 'Moodle', 'Sharetribe', 'Shopify', 'Squarespace', 'Unbounce', 'Webflow', 'WeWeb', 'API', 'Landing Page', 'Website', 'Website Redesign', 'Blog', 'Bug Fix', 'CMS Development', 'CMS Product Upload', 'Ecommerce Website', 'Platform Plugin', 'Plugin Customization', 'Plugin Development', 'PSD to WordPress', 'Responsive Design', 'SEO-Based Website', 'Theme Customization', 'Theme Development', 'Website Customization', 'Website Migration', 'Website Optimization', 'WordPress Bug Fix', 'WordPress Customization', 'WordPress Development', 'WordPress Installation', 'WordPress Migration', 'WordPress Optimization', 'WordPress Plugin', 'WordPress Security', 'WordPress Theme', 'SQLite', 'Realm Database', 'LevelDB', 'MongoDB', 'Microsoft SQL Server', 'MariaDB', 'MySQL', 'PostgreSQL', 'Oracle Database', 'Neo4j', 'Firebase Cloud Firestore', 'Firebase Realtime Database', 'Microsoft Access', 'Redis', 'Advanced Custom Fields Plugin', 'All in One SEO', 'AWeber', 'Contact Form 7', 'Divi', 'Elementor', 'Facebook Plugin', 'Google AdSense Plugin', 'Gravity Forms', 'Instagram Plugin', 'LearnDash', 'Mailchimp Plugin', 'PayPal Plugin', 'Thrive Themes', 'Twitter/X Plugin', 'Vimeo Plugin', 'WooCommerce', 'Yoast SEO', 'WordPress SEO Plugin', 'Analytics Plugin', 'Payment Plugin', 'SEO Plugin', 'Social Media Plugin', 'WordPress Plugin']",3023,"([0.0], [80.0, 0.0, 70.0, 0.0, 17.0])",31970,1.0,17,191494543.04999998
Front-End Development,"['Adobe Photoshop', 'Google Analytics', '.NET Framework', 'Angular', 'AngularJS', 'Bootstrap', 'Git', 'jQuery', 'React', 'Vue.js', 'WordPress', 'Amazon Web Services', 'Node.js', 'SaaS', 'Kendo UI', 'AJAX', 'AWS Amplify', 'Azure DevOps', 'D3.js', 'Docker', 'ExpressJS', 'Facebook JavaScript', 'GitHub', 'GitLab', 'Jenkins', 'JSON', 'Kubernetes', 'Next.js', 'Nuxt.js', 'React Bootstrap', 'Redux', 'Tailwind CSS', 'Three.js', 'Vercel', 'Vuetify', 'WebGL', 'XML', 'JavaScript', 'SQL', 'TypeScript', 'CSS', 'CSS 3', 'HTML', 'HTML5', 'Sass', 'Landing Page', 'Web Application', 'Website', 'Website Redesign', 'Agile Software Development', 'Blog', 'Browser Extension', 'Ecommerce Website', 'Front-End Development', 'Google Chrome Extension', 'Page Speed Optimization', 'Responsive Design', 'UI Animation']",2342,"([0.0], [100.0, 0.0])",24561,1.0,18,171202055.33999997
Full Stack Development,"['Adobe Photoshop', 'Google Analytics', '.NET Framework', 'Angular', 'AngularJS', 'ASP.NET', 'ASP.NET MVC', 'Bootstrap', 'Database Architecture', 'Git', 'HTTP', 'jQuery', 'React', 'Scrapy', 'Vue.js', 'WordPress', 'Amazon Web Services', 'Django', 'Node.js', 'RESTful API', 'SaaS', 'Spring Framework', 'Apache Spark', 'Kendo UI', 'pandas', 'PyTorch', 'TensorFlow', 'Agile Software Development', 'AJAX', 'Amazon EC2', 'Ansible', 'Apache Maven', 'ASP.NET Core', 'AWS Amplify', 'AWS Lambda', 'Azure DevOps', 'ChatGPT', 'CodeIgniter', 'Custom PHP', 'D3.js', 'Database Management', 'DevOps', 'Distributed Ledger Technology', 'Docker', 'Drupal', 'Elasticsearch', 'ExpressJS', 'Facebook JavaScript', 'Flask', 'Gemini for Google Workspace', 'GitHub', 'GitLab', 'Google Cloud Platform', 'GPT API', 'GPT-4', 'Jenkins', 'Joomla', 'JSON', 'Keras', 'Kubernetes', 'LangChain', 'Laravel', 'Microservice', 'Microsoft Azure', 'NestJS', 'Next.js', 'NumPy', 'Nuxt.js', 'OpenAI API', 'OpenCV', 'Python Scikit-Learn', 'React Bootstrap', 'Redux', 'Responsive Design', 'RESTful Architecture', 'Ruby on Rails', 'Search Engine Optimization', 'Spring Boot', 'Tailwind CSS', 'Three.js', 'Twig', 'Twilio API', 'Vercel', 'Vuetify', 'WebGL', 'XML', 'SQLite', 'Realm Database', 'LevelDB', 'MongoDB', 'Microsoft SQL Server', 'MariaDB', 'MySQL', 'PostgreSQL', 'Oracle Database', 'Neo4j', 'Claris FileMaker', 'Firebase Cloud Firestore', 'Firebase Realtime Database', 'Microsoft Access', 'Redis', 'SAP HANA', 'Web Application', 'Website Redesign', 'AI Agent Development', 'AI App Development', 'AI Bot', 'AI Development', 'AI Model Integration', 'AI-Generated Code', 'API Development', 'API Integration', 'Browser Extension', 'Chatbot', 'ChatGPT API Integration', 'Database Development', 'Desktop Application', 'Ecommerce Website', 'Full-Stack Development', 'Google Chrome Extension', 'Odoo Development', 'OpenAI Codex Prompt', 'Payment Gateway Integration', 'Platform Plugin', 'Software Debugging', 'Web Development', 'Website Optimization', 'WordPress Plugin', 'Apache HTTP Server', 'NGINX', 'Apache Geronimo', 'lighttpd', 'Cloudflare', 'Odoo', 'Java', 'Kotlin', 'JavaScript', 'PHP', 'Ruby', 'SQL', 'TypeScript', 'Python', 'C#', 'C++', 'CSS', 'CSS 3', 'HTML', 'HTML5', 'Sass', 'Elixir', 'Dart', 'Delphi', 'Erlang', 'Golang', 'GraphQL', 'Rust', 'Transact-SQL']",4436,"([0.0], [150.0])",46536,1.0,18,293693212.92999995
